year,profit_margin
"2012","61.012202440488096"
"2013","61.43783451708246"
"2014","63.17398613551908"
"2015","63.42262059394959"